이름,나이,성별,주소,주민등록번호,전화번호,이메일
***,18,여,부산 동래구 *번길 *
***,24,남,부산 남구 *** *
***,48,남,부산 진구 세*** *
***,26,남,서울특별시 관악구 *
***,27,남,서울특별시 관악구 *
***,28,남,부산 동래구 *
***,27,남,대구 구대*** *
***,25,남,광주 남구 *
***,23,남,부산 해운대구 *
***,28,남,부산 남구 *
***,27,남,부산 남구 *
***,23,남,대구 *
***,29,남,경상남도 김해시 *
***,29,남,서울특별시 특별구 *
***,31,남,충청남도 대전시 *** *
***,31,남,부산 *** *
***,21,여,부산 *** *
***,26,여,서울특별시 안특별구 *
***,33,여,서울특별시 특특별구 *
***,27,여,충청남도 대전시 *
***,29,여,서울특별시 관악구 수로 *
***,22,여,서울특별시 관악구 *** *
***,18,남,부산 *** *** *
***,19,남,부산 동래구 *** *
***,17,남,부산 서구 *
***,24,남,부산 남구 *
***,21,여,서울특별시 강남구 *
***,25,남,서울특별시 강남구 *
***,34,여,울산광역시 서생면 태로 *
***,51,남,울산광역시 서생면 *
***,29,남,부산 남구 *
***,29,여,부산 남구 ***로 *
***,31,여,서울특별시 강남구 ***로 *
***,26,여,서울특별시 안특별구 *
***,32,여,부산 동래구 나*** *
***,45,남,부산 *** *
***,17,남,충청남도 대전시 *
***,19,여,울산광역시 서생면 *** *
***,20,여,울산광역시 서생면 재로 *